,original,translation
0,"COMMISSION_NOUN_O_NN_root_> REGULATION_NOUN_O_NN_flat_COMMISSION (_PUNCT_O_-LRB-_punct_EC EC_NOUN_S-ORG_NN_appos_REGULATION )_PUNCT_O_-RRB-_punct_EC No_DET_O_DT_det_589/2008 589/2008_NUM_S-MONEY_CD_nmod:tmod_COMMISSION of_ADP_O_IN_case_23 23_NUM_B-DATE_CD_nmod_589/2008 June_PROPN_I-DATE_NNP_compound_23 2008_NUM_E-DATE_CD_nmod:tmod_23 laying_VERB_O_VBG_acl_COMMISSION down_ADP_O_RP_compound:prt_laying detailed_ADJ_O_JJ_amod_rules rules_NOUN_O_NNS_obj_laying for_SCONJ_O_IN_mark_implementing implementing_VERB_B-LAW_VBG_acl_rules Council_NOUN_I-LAW_NN_compound_Regulation Regulation_NOUN_E-LAW_NN_obj_implementing (_PUNCT_O_-LRB-_punct_EC EC_NOUN_O_NN_appos_Regulation )_PUNCT_O_-RRB-_punct_EC No_DET_O_DT_det_1234/2007 1234/2007_NUM_O_CD_appos_Regulation as_SCONJ_O_IN_case_standards regards_NOUN_O_NNS_compound_standards marketing_NOUN_O_NN_compound_standards standards_NOUN_O_NNS_obl_implementing for_ADP_O_IN_case_eggs eggs_NOUN_O_NNS_nmod_standards THE_DET_O_DT_det_COMMISSION COMMISSION_NOUN_O_NN_appos_standards OF_ADP_O_IN_case_replace_me_with_comma THE_DET_O_DT_det_replace_me_with_comma EUROPEAN_ADJ_O_JJ_amod_replace_me_with_comma COMMUNITIES<_X_O_GW_compound_replace_me_with_comma replace_me_with_comma_X_O_ADD_nmod_COMMISSION >_PUNCT_O_-RRB-_punct_standards 
Having_AUX_O_VBG_aux_regard regard_VERB_O_VB_root_> to_ADP_O_IN_case_Treaty the_DET_O_DT_det_Treaty Treaty_NOUN_S-LAW_NN_obl_regard establishing_VERB_O_VBG_acl_Treaty the_DET_B-ORG_DT_det_Community European_ADJ_I-ORG_NNP_amod_Community Community_PROPN_E-ORG_NNP_obj_establishing <_PUNCT_O_-LRB-_punct_replace_me_with_comma replace_me_with_comma_X_O_ADD_appos_Community >_PUNCT_O_-RRB-_punct_replace_me_with_comma 
Having_AUX_O_VBG_aux_regard regard_VERB_O_VB_root_> to_ADP_O_IN_case_Regulation Council_PROPN_B-LAW_NNP_compound_Regulation Regulation_PROPN_E-LAW_NNP_obl_regard (_PUNCT_O_-LRB-_punct_EC EC_NOUN_S-ORG_NN_appos_Regulation )_PUNCT_O_-RRB-_punct_EC No_DET_O_DT_det_1234/2007 1234/2007_NUM_O_CD_obj_regard of_ADP_O_IN_case_October 22_NUM_B-DATE_CD_nummod_October October_PROPN_I-DATE_NNP_nmod_1234/2007 2007_NUM_E-DATE_CD_nummod_October establishing_VERB_O_VBG_advcl_regard a_DET_O_DT_det_organisation common_ADJ_O_JJ_amod_organisation organisation_NOUN_O_NN_obj_establishing of_ADP_O_IN_case_markets agricultural_ADJ_O_JJ_amod_markets markets_NOUN_O_NNS_nmod_organisation and_CCONJ_O_CC_cc_provisions on_ADP_O_IN_case_provisions specific_ADJ_O_JJ_amod_provisions provisions_NOUN_O_NNS_conj_organisation for_ADP_O_IN_case_products certain_ADJ_O_JJ_amod_products agricultural_ADJ_O_JJ_amod_products products_NOUN_O_NNS_nmod_provisions (_PUNCT_O_-LRB-_punct_Regulation Single_ADJ_O_JJ_amod_Regulation CMO_PROPN_O_NNP_compound_Regulation Regulation_PROPN_O_NNP_appos_products )_PUNCT_O_-RRB-_punct_Regulation (_PUNCT_O_-LRB-_punct_1)<replace_me_with_comma 1)<replace_me_with_comma_PROPN_O_NNP_appos_products >_PUNCT_O_-RRB-_punct_1)<replace_me_with_comma and_CCONJ_O_CC_cc_Article in_ADP_O_IN_case_particular particular_ADJ_O_JJ_nmod_Article Article_NOUN_O_NN_conj_1)<replace_me_with_comma 121(d_NUM_O_CD_nummod_Article )_PUNCT_O_-RRB-_punct_1)<replace_me_with_comma in_ADP_O_IN_case_conjunction conjunction_NOUN_O_NN_nmod_provisions with_ADP_O_IN_case_Article Article_NOUN_O_NN_nmod_conjunction 4_NUM_S-CARDINAL_CD_nummod_Article thereof_ADV_O_RB_advmod_replace_me_with_comma <_PUNCT_O_-LRB-_punct_replace_me_with_comma replace_me_with_comma_X_O_ADD_appos_Article >_PUNCT_O_-RRB-_punct_replace_me_with_comma 
Whereas_SCONJ_O_IN_case_https://eur-lex.europa.eu/legal-content/en/TXT/?uri=CELEX%3A32008R0589) :_PUNCT_O_:_punct_https://eur-lex.europa.eu/legal-content/en/TXT/?uri=CELEX%3A32008R0589) (_PUNCT_O_-LRB-_punct_https://eur-lex.europa.eu/legal-content/en/TXT/?uri=CELEX%3A32008R0589) https://eur-lex.europa.eu/legal-content/en/TXT/?uri=CELEX%3A32008R0589)_X_O_ADD_root_https://eur-lex.europa.eu/legal-content/en/TXT/?uri=CELEX%3A32008R0589) (_PUNCT_O_-LRB-_punct_https://eur-lex.europa.eu/legal-content/en/TXT/?uri=CELEX%3A32008R0589) https://eur-lex.europa.eu/legal-content/en/TXT/?uri=CELEX%3A32008R0589)_X_O_ADD_list_https://eur-lex.europa.eu/legal-content/en/TXT/?uri=CELEX%3A32008R0589) 
","Регламент_NOUN_O_Ncmsnn_root_> Комісії_NOUN_B-ORG_Ncfsgn_nmod_Регламент (_PUNCT_I-ORG_U_punct_ЄС ЄС_NOUN_I-ORG_Y_appos_Комісії )_PUNCT_I-ORG_U_punct_ЄС N_NUM_I-ORG_Mlc-n_flat:title_Регламент 589_NUM_E-ORG_Mlc-n_flat:title_N /_PUNCT_O_U_punct_2008 2008_NUM_O_Mlc-n_compound_589 '_PUNCT_O_U_punct_встановлює Що_SCONJ_O_Css_mark_встановлює встановлює_VERB_O_Vmpip3s_acl:relcl_Регламент докладні_ADJ_O_Afp-pasn_amod_правила правила_NOUN_O_Ncnpan_obj_встановлює щодо_ADP_O_Spsg_case_імплементації імплементації_NOUN_O_Ncfsgn_nmod_правила Регламенту_NOUN_B-ORG_Ncmsgn_nmod_імплементації Ради_NOUN_I-ORG_Ncfsgn_nmod_Регламенту (_PUNCT_E-ORG_U_punct_ЄС ЄС_NOUN_S-ORG_Y_appos_Ради )_PUNCT_O_U_punct_ЄС N_X_O_X_flat:title_імплементації 1234_NUM_O_Mlc-n_flat:title_N /_PUNCT_O_U_punct_2007 2007_NUM_O_Mlc-n_compound_1234 про_ADP_O_Spsa_case_стандарти стандарти_NOUN_O_Ncmpan_nmod_правила продажу_NOUN_O_Ncmsgn_nmod_стандарти для_ADP_O_Spsg_case_яєць яєць_NOUN_O_Ncnpgn_nmod_продажу '_PUNCT_O_U_punct_стандарти від_ADP_O_Spsg_case_23 23_ADJ_O_Mlonsg_nmod_стандарти червня_NOUN_O_Ncmsgn_nmod_23 2008_ADJ_O_Mlomsg_amod_року року_NOUN_O_Ncmsgn_nmod_червня КОМІСІЯ_NOUN_O_Ncfsnn_flat:title_стандарти ЄВРОПЕЙСЬКИХ_ADJ_O_Ap--pgf-p_amod_СПІВТОВАРИСТВ<replace_me_with_comma СПІВТОВАРИСТВ<replace_me_with_comma_NOUN_O_Ncmsgn_nmod_КОМІСІЯ >_SYM_O_X_discourse_КОМІСІЯ 
Беручи_VERB_O_Vmpgp_root_. до_ADP_O_Spsg_case_уваги уваги_NOUN_O_Ncfsgn_obl_Беручи Договір_NOUN_O_Ncmsan_obj_Беручи про_ADP_O_Spsa_case_заснування заснування_NOUN_O_Ncnsan_nmod_Договір Європейського_ADJ_B-ORG_Ao-nsgf_amod_Співтовариства Співтовариства_NOUN_E-ORG_Ncnsgn_nmod_заснування (_PUNCT_O_U_punct_994_017 994_017_NUM_O_Mlc-n_appos_Співтовариства )_PUNCT_O_U_punct_994_017 ._PUNCT_O_U_punct_Беручи 
Беручи_VERB_O_Vmpgp_root_. до_ADP_O_Spsg_case_уваги уваги_NOUN_O_Ncfsgn_obl_Беручи Регламент_NOUN_B-ORG_Ncmsan_obj_Беручи Ради_NOUN_I-ORG_Ncfsgn_nmod_Регламент (_PUNCT_E-ORG_U_punct_ЄС ЄС_NOUN_S-ORG_Y_appos_Ради )_PUNCT_O_U_punct_ЄС N_NOUN_O_Y_nsubj_Беручи 1234_NUM_O_Mlc-n_flat:title_N /_PUNCT_O_U_punct_2007 2007_NUM_O_Mlc-n_compound_1234 від_ADP_O_Spsg_case_22 22_ADJ_O_Mlonsg_obl_Беручи жовтня_NOUN_O_Ncmsgn_nmod_22 2007_ADJ_O_Mlomsg_amod_року року_NOUN_O_Ncmsgn_nmod_жовтня про_ADP_O_Spsa_case_заснування заснування_NOUN_O_Ncnsan_nmod_N спільної_ADJ_O_Ao-fsgf_amod_організації організації_NOUN_O_Ncfsgn_nmod_заснування ринків_NOUN_O_Ncmpgn_nmod_організації сільськогосподарської_ADJ_O_Ao-fsgf_amod_продукції продукції_NOUN_O_Ncfsgn_nmod_ринків та_CCONJ_O_Ccs_cc_встановлення встановлення_NOUN_O_Ncnsgn_conj_ринків спеціальних_ADJ_O_Ao--pgf_amod_положень<replace_me_with_comma положень<replace_me_with_comma_NOUN_O_Ncmpgn_nmod_встановлення >_PUNCT_O_U_punct_стосуються що_SCONJ_O_Css_mark_стосуються стосуються_VERB_O_Vmpip3p_acl:relcl_положень<replace_me_with_comma деяких_DET_O_Pi----pga_det_видів видів_NOUN_O_Ncmpgn_obj_стосуються сільськогосподарської_ADJ_O_Ao-fsgf_amod_продукції продукції_NOUN_O_Ncfsgn_nmod_видів (_PUNCT_O_U_punct_Регламент Єдиний_ADJ_B-MISC_Ao-msnf_amod_CMO CMO_X_I-MISC_X_nsubj_Регламент Регламент_NOUN_E-MISC_Ncmsnn_compound_єдиний -_PUNCT_O_U_punct_Регламент єдиний_ADJ_O_Ao-msnf_amod_Регламент Регламент_NOUN_O_Ncmsnn_appos_видів про_ADP_O_Spsa_case_організацію спільну_ADJ_O_Ao-fsas_amod_організацію організацію_NOUN_O_Ncfsan_nmod_Регламент ринку_NOUN_O_Ncmsgn_nmod_організацію )(_PUNCT_O_U_punct_1)<replace_me_with_comma> 1)<replace_me_with_comma>_SYM_O_X_conj_ринку та_CCONJ_O_Ccs_cc_статтю зокрема_ADV_O_R_advmod_статтю його_DET_O_Pps3f-sna_det_статтю статтю_NOUN_O_Ncfsan_conj_організацію 121_NUM_O_Mlc-n_flat:title_статтю (_PUNCT_O_U_punct_d d_X_O_X_appos_121 )_PUNCT_O_U_punct_d у_ADP_O_Spsl_case_поєднанні поєднанні_NOUN_O_Ncnsln_nmod_статтю зі_ADP_O_Spsi_case_статтею статтею_NOUN_O_Ncfsin_nmod_поєднанні 4<replace_me_with_comma>_SYM_O_X_flat:title_статтею (_PUNCT_O_U_punct_1 1_NUM_O_Mlc-sn_parataxis_4<replace_me_with_comma> )_PUNCT_O_U_punct_1 OB_X_O_X_flat:title_статтею L_X_O_X_flat:foreign_OB 299<replace_me_with_comma>_X_O_X_flat:foreign_OB 16_NUM_O_Mlc-n_flat:title_OB ._PUNCT_O_U_punct_11 11_NUM_O_Mlc-n_compound_16 ._PUNCT_O_U_punct_2007<replace_me_with_comma 2007<replace_me_with_comma_NUM_O_Mlc-n_flat:title_11 >_PUNCT_O_U_punct_C C_X_B-MISC_X_conj_OB ._PUNCT_I-MISC_U_punct_C 61_NUM_E-MISC_Mlc-n_flat:title_C )_PUNCT_O_U_punct_C ._PUNCT_O_U_punct_Беручи 
Оскільки_SCONJ_O_Css_mark_https:// :_PUNCT_O_U_punct_https:// (_PUNCT_O_U_punct_https:// https://_SYM_O_X_root_законодавство.com/spivtovaristvo-evropeyske/reglament-komisiji-589-2008-scho-vstanovlyue-2008-20248.html) законодавство.com/spivtovaristvo-evropeyske/reglament-komisiji-589-2008-scho-vstanovlyue-2008-20248.html)_X_O_X_flat:foreign_https:// 
(_PUNCT_O_U_punct_https:// https://_SYM_O_X_root_законодавство.com/spivtovaristvo-evropeyske/reglament-komisiji-589-2008-scho-vstanovlyue-2008-20248.html) законодавство.com/spivtovaristvo-evropeyske/reglament-komisiji-589-2008-scho-vstanovlyue-2008-20248.html)_X_O_X_flat:foreign_https:// 
"
0,"(1)_NUM_O_CD_root_> As_ADP_O_IN_case_1 of_ADP_O_IN_fixed_As 1_NUM_B-DATE_CD_nmod_(1) July_PROPN_I-DATE_NNP_compound_1 2008_NUM_E-DATE_CD_nmod:tmod_1 <_PUNCT_O_-LRB-_punct_replace_me_with_comma replace_me_with_comma_X_O_ADD_appos_1 >_PUNCT_O_-RRB-_punct_replace_me_with_comma 
Council_NOUN_O_NN_compound_Regulation Regulation_NOUN_O_NN_nsubj:pass_repealed (_PUNCT_O_-LRB-_punct_EC EC_NOUN_S-ORG_NN_appos_Regulation )_PUNCT_O_-RRB-_punct_EC No_DET_B-DATE_DT_det_1028/2006 1028/2006_NUM_I-DATE_CD_appos_Regulation of_ADP_I-DATE_IN_case_June 19_NUM_I-DATE_CD_nummod_June June_PROPN_I-DATE_NNP_nmod_1028/2006 2006_NUM_E-DATE_CD_nummod_June on_ADP_O_IN_case_standards marketing_NOUN_O_NN_compound_standards standards_NOUN_O_NNS_nmod_1028/2006 for_ADP_O_IN_case_eggs eggs_NOUN_O_NNS_nmod_standards (_PUNCT_O_-LRB-_punct_2 2_NUM_O_CD_appos_eggs )_PUNCT_O_-RRB-_punct_2 is_AUX_O_VBZ_aux:pass_repealed repealed_VERB_O_VBN_root_. by_ADP_O_IN_case_Regulation Regulation_PROPN_B-LAW_NNP_obl_repealed (_PUNCT_I-LAW_-LRB-_punct_EC EC_PROPN_I-LAW_NNP_appos_Regulation )_PUNCT_I-LAW_-RRB-_punct_EC No_DET_I-LAW_DT_det_1234/2007 1234/2007_NUM_E-LAW_CD_obl:tmod_repealed ._PUNCT_O_._punct_repealed 
(_PUNCT_O_-LRB-_punct_https://eur-lex.europa.eu/legal-content/en/TXT/?uri=CELEX%3A32008R0589) https://eur-lex.europa.eu/legal-content/en/TXT/?uri=CELEX%3A32008R0589)_X_O_ADD_root_https://eur-lex.europa.eu/legal-content/en/TXT/?uri=CELEX%3A32008R0589) 
","(_PUNCT_O_U_punct_1 1_NUM_O_Mlcmsn_root_) )_PUNCT_O_U_punct_1 
Починаючи_VERB_O_Vmpgp_advcl_відмінено з_ADP_O_Spsg_case_1 1_ADJ_O_Mlonsg_obl_Починаючи липня_NOUN_O_Ncmsgn_nmod_1 2008_ADJ_O_Mlomsg_amod_року року_NOUN_O_Ncmsgn_nmod_липня Регламент_NOUN_B-ORG_Ncmsnn_nsubj_відмінено Ради_NOUN_I-ORG_Ncfsgn_nmod_Регламент (_PUNCT_I-ORG_U_punct_ЄС ЄС_PROPN_I-ORG_Y_appos_Ради )_PUNCT_I-ORG_U_punct_ЄС N_X_I-ORG_X_flat:title_Регламент 1028_NUM_E-ORG_Mlc-n_flat:title_N /_PUNCT_O_U_punct_2006 2006_ADJ_O_Mlomsn_compound_1028 від_ADP_O_Spsg_case_19 19_ADJ_O_Mlonsg_obl_відмінено червня_NOUN_O_Ncmsgn_nmod_19 2006_ADJ_O_Mlomsg_amod_року року_NOUN_O_Ncmsgn_nmod_червня про_ADP_O_Spsa_case_стандарти стандарти_NOUN_O_Ncmpan_obl_відмінено продажу_NOUN_O_Ncmsgn_nmod_стандарти для_ADP_O_Spsg_case_яєць яєць_NOUN_O_Ncnpgn_nmod_продажу (_PUNCT_O_U_punct_2 2_NUM_O_Mlc-sn_appos_яєць )_PUNCT_O_U_punct_2 відмінено_VERB_O_Vmeo_root_законодавство.com/spivtovaristvo-evropeyske/reglament-komisiji-589-2008-scho-vstanovlyue-2008-20248.html) Регламентом_NOUN_S-MISC_Ncmsin_obl_відмінено (_PUNCT_O_U_punct_ЄС ЄС_PROPN_S-ORG_Y_parataxis_Регламентом )_PUNCT_O_U_punct_ЄС N_NUM_O_Mlc-n_flat:title_Регламентом 1234_NUM_O_Mlc-n_flat:title_N /_PUNCT_O_U_punct_2007 2007_NUM_O_Mlc-n_compound_1234 ._PUNCT_O_U_punct_2007 (_PUNCT_O_U_punct_https:// https://_SYM_O_X_parataxis_відмінено законодавство.com/spivtovaristvo-evropeyske/reglament-komisiji-589-2008-scho-vstanovlyue-2008-20248.html)_PUNCT_O_U_fixed_https:// 
"
0,"(2)_NUM_O_CD_dep_incorporated Certain_ADJ_O_JJ_amod_provisions provisions_NOUN_O_NNS_nsubj:pass_incorporated and_CCONJ_O_CC_cc_obligations obligations_NOUN_O_NNS_conj_provisions laid_VERB_O_VBN_acl_provisions down_ADP_O_RP_compound:prt_laid in_ADP_O_IN_case_Regulation Regulation_NOUN_B-LAW_NN_obl_laid (_PUNCT_I-LAW_-LRB-_punct_EC EC_NOUN_I-LAW_NN_appos_Regulation )_PUNCT_I-LAW_-RRB-_punct_EC No_DET_I-LAW_DT_det_1028/2006 1028/2006_NUM_E-LAW_CD_nmod:tmod_provisions have_AUX_O_VBP_aux_incorporated not_PART_O_RB_advmod_incorporated been_AUX_O_VBN_aux:pass_incorporated incorporated_VERB_O_VBN_root_. in_ADP_O_IN_case_Regulation Regulation_NOUN_B-LAW_NN_obl_incorporated (_PUNCT_I-LAW_-LRB-_punct_EC EC_PROPN_I-LAW_NNP_appos_Regulation )_PUNCT_I-LAW_-RRB-_punct_EC No_DET_I-LAW_DT_det_1234/2007 1234/2007_NUM_E-LAW_CD_appos_Regulation ._PUNCT_O_._punct_incorporated 
(_PUNCT_O_-LRB-_punct_https://eur-lex.europa.eu/legal-content/en/TXT/?uri=CELEX%3A32008R0589) https://eur-lex.europa.eu/legal-content/en/TXT/?uri=CELEX%3A32008R0589)_X_O_ADD_root_https://eur-lex.europa.eu/legal-content/en/TXT/?uri=CELEX%3A32008R0589) 
","(_PUNCT_O_U_punct_2 2_NUM_O_Mlcmsn_root_) )_PUNCT_O_U_punct_2 
Деякі_DET_O_Pi----pna_det_положення положення_NOUN_O_Ncnpnn_nsubj_враховані та_CCONJ_O_Ccs_cc_зобов'язання зобов'язання_NOUN_O_Ncnpnn_conj_положення <replace_me_with_comma>_SYM_O_X_flat:title_зобов'язання встановлені_ADJ_O_Ap--pns-ep_amod_положення в_ADP_O_Spsl_case_Регламенті Регламенті_NOUN_S-MISC_Ncmsln_obl_встановлені (_PUNCT_O_U_punct_ЄС ЄС_PROPN_S-ORG_Y_appos_Регламенті )_PUNCT_O_U_punct_ЄС N_X_O_X_flat:title_Регламенті 1028_NUM_O_Mlc-n_flat:title_N /_PUNCT_O_U_punct_2006<replace_me_with_comma 2006<replace_me_with_comma_NUM_O_Mlc-n_compound_1028 >_PUNCT_O_U_punct_враховані не_PART_O_Q_advmod_враховані були_AUX_O_Vapis-p_cop_враховані враховані_ADJ_O_Ap--pns-ep_root_законодавство.com/spivtovaristvo-evropeyske/reglament-komisiji-589-2008-scho-vstanovlyue-2008-20248.html) у_ADP_O_Spsl_case_Регламенті Регламенті_NOUN_S-MISC_Ncmsln_obl_враховані (_PUNCT_O_U_punct_ЄС ЄС_NOUN_S-ORG_Y_appos_Регламенті )_PUNCT_O_U_punct_ЄС N_NUM_O_Mlc-n_flat:title_Регламенті 1234_NUM_O_Mlc-n_flat:title_N /_PUNCT_O_U_punct_2007 2007_NUM_O_Mlc-n_compound_1234 ._PUNCT_O_U_punct_2007 (_PUNCT_O_U_punct_https:// https://_SYM_O_X_compound_1234 законодавство.com/spivtovaristvo-evropeyske/reglament-komisiji-589-2008-scho-vstanovlyue-2008-20248.html)_PUNCT_O_U_fixed_https:// 
"
0,"(3)_NUM_O_CD_dep_adopted Certain_ADJ_O_JJ_amod_provisions appropriate_ADJ_O_JJ_amod_provisions provisions_NOUN_O_NNS_nsubj:pass_adopted and_CCONJ_O_CC_cc_obligations obligations_NOUN_O_NNS_conj_provisions should_AUX_O_MD_aux_adopted therefore_ADV_O_RB_advmod_adopted be_AUX_O_VB_aux:pass_adopted adopted_VERB_O_VBN_root_) within_ADP_O_IN_case_framework the_DET_O_DT_det_framework framework_NOUN_O_NN_obl_adopted of_ADP_O_IN_case_regulation a_DET_O_DT_det_regulation regulation_NOUN_O_NN_nmod_framework laying_VERB_O_VBG_acl_regulation down_ADP_O_RP_compound:prt_laying detailed_ADJ_O_JJ_amod_rules rules_NOUN_O_NNS_obj_laying for_SCONJ_O_IN_mark_implementing implementing_VERB_O_VBG_advcl_laying Regulation_NOUN_B-LAW_NN_obj_implementing (_PUNCT_I-LAW_-LRB-_punct_EC EC_PROPN_E-LAW_NNP_appos_Regulation )_PUNCT_O_-RRB-_punct_EC 
No_DET_O_DT_det_1234/2007 1234/2007_NUM_O_CD_root_. in_ADP_O_IN_mark_ensure order_NOUN_O_NN_fixed_in to_PART_O_TO_mark_ensure ensure_VERB_O_VB_advcl_1234/2007 the_DET_O_DT_det_continuity continuity_NOUN_O_NN_obj_ensure and_CCONJ_O_CC_cc_running smooth_ADJ_O_JJ_amod_running running_NOUN_O_NN_conj_continuity of_ADP_O_IN_case_organisation the_DET_O_DT_det_organisation common_ADJ_O_JJ_amod_organisation organisation_NOUN_O_NN_nmod_continuity of_ADP_O_IN_case_market the_DET_O_DT_det_market market_NOUN_O_NN_nmod_organisation <_PUNCT_O_-LRB-_punct_replace_me_with_comma replace_me_with_comma_PROPN_O_NNP_appos_organisation >_PUNCT_O_-RRB-_punct_replace_me_with_comma and_CCONJ_O_CC_cc_standards in_ADP_O_IN_case_standards particular_ADJ_O_JJ_amod_standards marketing_NOUN_O_NN_compound_standards standards_NOUN_O_NNS_conj_continuity ._PUNCT_O_._punct_1234/2007 
(_PUNCT_O_-LRB-_punct_https://eur-lex.europa.eu/legal-content/en/TXT/?uri=CELEX%3A32008R0589) https://eur-lex.europa.eu/legal-content/en/TXT/?uri=CELEX%3A32008R0589)_X_O_ADD_root_https://eur-lex.europa.eu/legal-content/en/TXT/?uri=CELEX%3A32008R0589) 
","(_PUNCT_O_U_punct_3 3_NUM_O_Mlc-n_root_) )_PUNCT_O_U_punct_3 
Таким_DET_O_Pd--m-sia_det_чином<replace_me_with_comma чином<replace_me_with_comma_NOUN_O_Ncmsin_parataxis:discourse_повинні >_PUNCT_O_U_punct_чином<replace_me_with_comma певні_ADJ_O_Afp-pns_amod_положення відповідні_ADJ_O_Afp-pns_amod_положення положення_NOUN_O_Ncnpnn_nsubj_повинні та_CCONJ_O_Ccs_cc_зобов'язання зобов'язання_NOUN_O_Ncnpnn_conj_положення повинні_ADJ_O_Ao--pns_root_. бути_AUX_O_Vapn_cop_ухвалені ухвалені_ADJ_O_Ap--pns-ep_xcomp_повинні в_ADP_O_Spsl_case_межах межах_NOUN_O_Ncfpln_obl_ухвалені регламенту<replace__NOUN_O_Ncmsgn_nmod_межах me_with_comma_X_O_X_flat:title_регламенту<replace_ >_PUNCT_O_U_punct_встановлює що_SCONJ_O_Css_mark_встановлює встановлює_VERB_O_Vmpip3s_acl:relcl_регламенту<replace_ детальні_ADJ_O_Afp-pasn_amod_правила правила_NOUN_O_Ncnpan_obj_встановлює застосування_NOUN_O_Ncnsgn_nmod_правила Регламенту_NOUN_S-MISC_Ncmsgn_nmod_застосування (_PUNCT_O_U_punct_ЄС ЄС_NOUN_S-ORG_Y_appos_Регламенту )_PUNCT_O_U_punct_ЄС N_X_O_X_flat:title_застосування 1234_NUM_O_Mlc-n_flat:title_N /_PUNCT_O_U_punct_2007 2007_NUM_O_Mlc-n_compound_1234 для_ADP_O_Spsg_case_того того_PRON_O_Pd--nnsgn_nmod_<replace_me_with_comma <replace_me_with_comma_X_O_X_flat:title_N >_PUNCT_O_U_punct_<replace_me_with_comma щоб_SCONJ_O_Css_mark_забезпечити забезпечити_VERB_O_Vmen_advcl_> безперервність_NOUN_O_Ncfsan_obj_забезпечити і_CCONJ_O_Ccs_cc_функціонування нормальне_ADJ_O_Ao-nsas_amod_функціонування функціонування_NOUN_O_Ncnsan_conj_безперервність загальної_ADJ_O_Afpfsgf_amod_організації організації_NOUN_O_Ncfsgn_nmod_функціонування ринку<replace_me_with_comma>_NOUN_O_Ncnsgn_nmod_організації і_CCONJ_O_Ccs_cc_стандартів зокрема_ADV_O_R_advmod_стандартів ринкових_ADJ_O_Ao--pgf_amod_стандартів стандартів_NOUN_O_Ncmpgn_conj_організації ._PUNCT_O_U_punct_повинні 
(_PUNCT_O_U_punct_https:// https://_SYM_O_X_root_законодавство.com/spivtovaristvo-evropeyske/reglament-komisiji-589-2008-scho-vstanovlyue-2008-20248.html) законодавство.com/spivtovaristvo-evropeyske/reglament-komisiji-589-2008-scho-vstanovlyue-2008-20248.html)_X_O_X_flat:foreign_https:// 
"
0,"(4)_NUM_B-LAW_CD_dep_lays Regulation_NOUN_I-LAW_NN_nsubj_lays (_PUNCT_I-LAW_-LRB-_punct_EC EC_NOUN_I-LAW_NN_appos_Regulation )_PUNCT_I-LAW_-RRB-_punct_EC No_DET_I-LAW_DT_det_1234/2007 1234/2007_NUM_E-LAW_CD_appos_Regulation lays_VERB_O_VBZ_root_. down_ADP_O_RP_compound:prt_lays the_DET_O_DT_det_requirements basic_ADJ_O_JJ_amod_requirements requirements_NOUN_O_NNS_obj_lays which_PRON_O_WDT_obj_satisfy eggs_NOUN_O_NNS_nsubj_satisfy must_AUX_O_MD_aux_satisfy satisfy_VERB_O_VB_acl:relcl_requirements to_PART_O_TO_mark_marketed be_AUX_O_VB_aux:pass_marketed marketed_VERB_O_VBN_xcomp_satisfy in_ADP_O_IN_case_Community the_DET_O_DT_det_Community Community_NOUN_S-ORG_NN_obl_marketed ._PUNCT_O_._punct_lays 
(_PUNCT_O_-LRB-_punct_https://eur-lex.europa.eu/legal-content/en/TXT/?uri=CELEX%3A32008R0589) https://eur-lex.europa.eu/legal-content/en/TXT/?uri=CELEX%3A32008R0589)_X_O_ADD_root_https://eur-lex.europa.eu/legal-content/en/TXT/?uri=CELEX%3A32008R0589) 
","(_PUNCT_O_U_punct_4 4_NUM_O_Mlc-n_root_) )_PUNCT_O_U_punct_4 
Регламент_NOUN_O_Ncmsnn_nsubj_встановлює (_PUNCT_O_U_punct_ЄС ЄС_NOUN_S-ORG_Y_appos_Регламент )_PUNCT_O_U_punct_ЄС N_X_O_X_nsubj_встановлює 1234_NUM_O_Mlc-n_flat:title_N /_PUNCT_O_U_punct_2007 2007_NUM_O_Mlc-n_compound_1234 встановлює_VERB_O_Vmpip3s_root_. основні_ADJ_O_Ao--pasn_amod_вимоги<replace_me_with_comma вимоги<replace_me_with_comma_NOUN_O_Ncmpan_obj_встановлює >_PUNCT_O_U_punct_повинні яким_DET_O_Pr--n-sia_obl_повинні яйця_NOUN_O_Ncnpnn_nsubj_повинні повинні_ADJ_O_Ao--pns_acl:relcl_вимоги<replace_me_with_comma відповідати_VERB_O_Vmpn_xcomp_повинні <replace__SYM_O_X_discourse_me_with_comma me_with_comma_X_O_X_obj_відповідати >_PUNCT_O_U_flat:foreign_me_with_comma щоб_SCONJ_O_Css_mark_продаватися продаватися_VERB_O_Vmpn_advcl_відповідати у_ADP_O_Spsl_case_Співтоваристві Співтоваристві_NOUN_S-MISC_Ncnsln_obl_продаватися ._PUNCT_O_U_punct_встановлює 
(_PUNCT_O_U_punct_https:// https://_SYM_O_X_root_законодавство.com/spivtovaristvo-evropeyske/reglament-komisiji-589-2008-scho-vstanovlyue-2008-20248.html) законодавство.com/spivtovaristvo-evropeyske/reglament-komisiji-589-2008-scho-vstanovlyue-2008-20248.html)_X_O_X_flat:foreign_https:// 
"
0,"For_ADP_O_IN_case_sake the_DET_O_DT_det_sake sake_NOUN_O_NN_obl_laid of_ADP_O_IN_case_clarity clarity_NOUN_O_NN_nmod_sake <_PUNCT_O_-LRB-_punct_replace_me_with_comma replace_me_with_comma_X_O_ADD_appos_sake >_PUNCT_O_-RRB-_punct_replace_me_with_comma new_ADJ_O_JJ_amod_rules detailed_ADJ_O_JJ_amod_rules rules_NOUN_O_NNS_nsubj:pass_laid for_ADP_O_IN_case_implementation the_DET_O_DT_det_implementation implementation_NOUN_O_NN_nmod_rules of_ADP_O_IN_case_requirements those_DET_O_DT_det_requirements requirements_NOUN_O_NNS_nmod_implementation should_AUX_O_MD_aux_laid be_AUX_O_VB_aux:pass_laid laid_VERB_O_VBN_root_. down_ADP_O_RP_compound:prt_laid ._PUNCT_O_._punct_laid 
(_PUNCT_O_-LRB-_punct_https://eur-lex.europa.eu/legal-content/en/TXT/?uri=CELEX%3A32008R0589) https://eur-lex.europa.eu/legal-content/en/TXT/?uri=CELEX%3A32008R0589)_X_O_ADD_root_https://eur-lex.europa.eu/legal-content/en/TXT/?uri=CELEX%3A32008R0589) 
","Для_ADP_O_Spsg_case_ясності ясності_NOUN_O_Ncfsgn_obl_повинні повинні_ADJ_O_Ao--pns_root_. бути_AUX_O_Vapn_cop_визначені визначені_ADJ_O_Ap--pns-ep_xcomp_повинні нові_ADJ_O_Afp-pns_amod_правила детальні_ADJ_O_Afp-pns_amod_правила правила_NOUN_O_Ncnpnn_nsubj_повинні щодо_ADP_O_Spsg_case_імплементації імплементації_NOUN_O_Ncfsgn_nmod_правила таких_DET_O_Pd----pga_det_вимог вимог_NOUN_O_Ncfpgn_nmod_імплементації ._PUNCT_O_U_punct_повинні 
(_PUNCT_O_U_punct_https:// https://_SYM_O_X_root_законодавство.com/spivtovaristvo-evropeyske/reglament-komisiji-589-2008-scho-vstanovlyue-2008-20248.html) законодавство.com/spivtovaristvo-evropeyske/reglament-komisiji-589-2008-scho-vstanovlyue-2008-20248.html)_X_O_X_flat:foreign_https:// 
"
0,"Commission_NOUN_O_NN_compound_Regulation Regulation_NOUN_O_NN_nsubj:pass_repealed (_PUNCT_O_-LRB-_punct_EC EC_NOUN_B-LAW_NN_appos_Regulation )_PUNCT_I-LAW_-RRB-_punct_EC No_DET_I-LAW_DT_det_557/2007 557/2007_NUM_E-LAW_CD_appos_Regulation (_PUNCT_O_-LRB-_punct_<replace_me_with_comma 3)_NUM_O_CD_nummod_<replace_me_with_comma <replace_me_with_comma_PROPN_O_NNP_appos_557/2007 >_PUNCT_O_-RRB-_punct_<replace_me_with_comma which_PRON_O_WDT_nsubj_laid laid_VERB_O_VBD_acl:relcl_Regulation down_ADP_O_RP_compound:prt_laid detailed_ADJ_O_JJ_amod_rules rules_NOUN_O_NNS_obj_laid for_ADP_O_IN_case_application the_DET_O_DT_det_application application_NOUN_O_NN_nmod_rules of_ADP_O_IN_case_Regulation Regulation_NOUN_B-LAW_NN_nmod_application (_PUNCT_I-LAW_-LRB-_punct_EC EC_NOUN_E-LAW_NN_appos_application )_PUNCT_O_-RRB-_punct_EC No_DET_O_DT_det_1028/2006 1028/2006_NUM_O_CD_nsubj:pass_repealed <_PUNCT_O_-LRB-_punct_replace_me_with_comma replace_me_with_comma_PROPN_O_NNP_appos_1028/2006 >_PUNCT_O_-RRB-_punct_replace_me_with_comma should_AUX_O_MD_aux_repealed therefore_ADV_O_RB_advmod_repealed be_AUX_O_VB_aux:pass_repealed repealed_VERB_O_VBN_root_. and_CCONJ_O_CC_cc_replaced replaced_VERB_O_VBN_conj_repealed by_ADP_O_IN_case_Regulation a_DET_O_DT_det_Regulation new_ADJ_O_JJ_amod_Regulation Regulation_NOUN_S-ORG_NN_obl_replaced ._PUNCT_O_._punct_repealed 
(_PUNCT_O_-LRB-_punct_https://eur-lex.europa.eu/legal-content/en/TXT/?uri=CELEX%3A32008R0589) https://eur-lex.europa.eu/legal-content/en/TXT/?uri=CELEX%3A32008R0589)_X_O_ADD_root_https://eur-lex.europa.eu/legal-content/en/TXT/?uri=CELEX%3A32008R0589) 
","Тому_ADV_O_Pd------r_advmod_має Регламент_NOUN_B-ORG_Ncmsnn_nsubj_має Комісії_NOUN_E-ORG_Ncfsgn_nmod_Регламент (_PUNCT_O_U_punct_ЄС ЄС_PROPN_S-ORG_Y_appos_Комісії )_PUNCT_O_U_punct_ЄС N_NUM_O_Mlc-n_flat:title_Регламент 557_NUM_O_Mlc-n_flat:title_N /_PUNCT_O_U_punct_2007 2007_NUM_O_Mlc-n_compound_557 (_PUNCT_O_U_punct_3)<replace_me_with_comma 3)<replace_me_with_comma_X_O_X_appos_557 >_PUNCT_O_U_punct_викладені в_ADP_O_Spsl_case_якому якому_DET_O_Pr--m-sla_obl_викладені викладені_ADJ_O_Ap--pns-ep_acl:relcl_Регламент детальні_ADJ_O_Afp-pns_amod_правила правила_NOUN_O_Ncnpnn_nsubj_викладені застосування_NOUN_O_Ncnsgn_nmod_правила Регламенту_NOUN_S-MISC_Ncmsgn_nmod_застосування (_PUNCT_O_U_punct_ЄС ЄС_NOUN_S-ORG_Y_appos_Регламенту )_PUNCT_O_U_punct_ЄС N_X_O_X_nmod_застосування 1028_NUM_O_Mlc-n_flat:title_N /_PUNCT_O_U_punct_2006<replace_me_with_comma 2006<replace_me_with_comma_NUM_O_Mlc-n_compound_1028 >_PUNCT_O_U_nsubj_має має_VERB_O_Vmpip3s_root_. бути_AUX_O_Vapn_aux_скасовано скасовано_VERB_O_Vmeo_xcomp_має і_CCONJ_O_Ccs_cc_замінено замінено_VERB_O_Vmeo_conj_має новим_ADJ_O_Afpmsif_amod_Регламентом Регламентом_NOUN_S-MISC_Ncmsin_obl_замінено ._PUNCT_O_U_punct_має 
(_PUNCT_O_U_punct_https:// https://_SYM_O_X_root_законодавство.com/spivtovaristvo-evropeyske/reglament-komisiji-589-2008-scho-vstanovlyue-2008-20248.html) законодавство.com/spivtovaristvo-evropeyske/reglament-komisiji-589-2008-scho-vstanovlyue-2008-20248.html)_X_O_X_flat:foreign_https:// 
"
0,"(5)_NUM_B-LAW_CD_dep_Regulation Regulation_NOUN_I-LAW_NN_root_) (_PUNCT_I-LAW_-LRB-_punct_EC EC_NOUN_I-LAW_NN_appos_Regulation )_PUNCT_I-LAW_-RRB-_punct_EC No_DET_I-LAW_DT_det_852/2004 852/2004_NUM_E-LAW_CD_appos_Regulation of_ADP_O_IN_case_Parliament the_DET_B-ORG_DT_det_Parliament European_ADJ_I-ORG_NNP_amod_Parliament Parliament_PROPN_E-ORG_NNP_nmod_852/2004 and_CCONJ_O_CC_cc_Council of_ADP_O_IN_case_Council the_DET_B-ORG_DT_det_Council Council_NOUN_I-ORG_NN_conj_852/2004 of_ADP_I-ORG_IN_case_29 29_NUM_I-ORG_CD_nmod_Council April_PROPN_I-ORG_NNP_nmod_Council 2004_NUM_E-ORG_CD_nummod_April on_ADP_O_IN_case_hygiene the_DET_O_DT_det_hygiene hygiene_NOUN_O_NN_nmod_Council of_ADP_O_IN_case_foodstuffs foodstuffs_NOUN_O_NNS_nmod_hygiene (_PUNCT_O_-LRB-_punct_4 4_NUM_S-CARDINAL_CD_dep_hygiene )_PUNCT_O_-RRB-_punct_4 and_CCONJ_O_CC_cc_Regulation Regulation_NOUN_B-LAW_NN_conj_852/2004 (_PUNCT_I-LAW_-LRB-_punct_EC EC_PROPN_E-LAW_NNP_appos_Regulation )_PUNCT_O_-RRB-_punct_EC 
No_DET_O_DT_det_853/2004 853/2004_NUM_O_CD_nsubj_apply of_ADP_O_IN_case_Parliament the_DET_B-ORG_DT_det_Parliament European_ADJ_I-ORG_NNP_amod_Parliament Parliament_PROPN_E-ORG_NNP_nmod_853/2004 and_CCONJ_O_CC_cc_Council of_ADP_O_IN_case_Council the_DET_B-ORG_DT_det_Council Council_PROPN_I-ORG_NNP_conj_Parliament of_ADP_I-ORG_IN_case_29 29_NUM_I-ORG_CD_nmod_Council April_PROPN_I-ORG_NNP_nmod_Council 2004_NUM_E-ORG_CD_nummod_April laying_VERB_O_VBG_acl_853/2004 down_ADP_O_RP_compound:prt_laying specific_ADJ_O_JJ_amod_rules hygiene_NOUN_O_NN_compound_rules rules_NOUN_O_NNS_obj_laying for_ADP_O_IN_case_food food_NOUN_O_NN_nmod_rules of_ADP_O_IN_case_origin animal_NOUN_O_NN_compound_origin origin_NOUN_O_NN_nmod_food (_PUNCT_O_-LRB-_punct_5 5_NUM_S-CARDINAL_CD_dep_food )_PUNCT_O_-RRB-_punct_5 apply_VERB_O_VBP_root_. to_ADP_O_IN_case_eggs eggs_NOUN_O_NNS_obl_apply ._PUNCT_O_._punct_apply 
(_PUNCT_O_-LRB-_punct_https://eur-lex.europa.eu/legal-content/en/TXT/?uri=CELEX%3A32008R0589) https://eur-lex.europa.eu/legal-content/en/TXT/?uri=CELEX%3A32008R0589)_X_O_ADD_root_https://eur-lex.europa.eu/legal-content/en/TXT/?uri=CELEX%3A32008R0589) 
","(_PUNCT_O_U_punct_5 5_NUM_O_Mlc-n_root_) )_PUNCT_O_U_punct_5 
Регламент_NOUN_O_Ncmsnn_root_. Європейського_ADJ_B-ORG_Ao-msgf_amod_Парламенту Парламенту_NOUN_E-ORG_Ncmsgn_nmod_Регламент та_CCONJ_O_Ccs_cc_Ради Ради_NOUN_B-ORG_Ncfsgn_conj_Парламенту (_PUNCT_I-ORG_U_punct_ЄС ЄС_NOUN_I-ORG_Y_appos_Парламенту )_PUNCT_I-ORG_U_punct_ЄС N_NOUN_I-ORG_Y_flat:title_Регламент 852_NUM_I-ORG_Mlc-n_flat:title_N /_PUNCT_I-ORG_U_punct_2004 2004_NUM_E-ORG_Mlc-n_compound_852 від_ADP_O_Spsg_case_29 29_ADJ_O_Mlonsg_nmod_N квітня_NOUN_O_Ncmsgn_nmod_29 2004_ADJ_O_Mlomsg_amod_року року_NOUN_O_Ncmsgn_nmod_квітня про_ADP_O_Spsa_case_гігієну гігієну_NOUN_O_Ncfsan_nmod_N харчових_ADJ_O_Ao--pgf_amod_продуктів продуктів_NOUN_O_Ncmpgn_nmod_гігієну (_PUNCT_O_U_punct_4 4_NUM_O_Mlc-n_appos_продуктів )_PUNCT_O_U_punct_4 і_CCONJ_O_Ccs_cc_Регламент Регламент_NOUN_B-ORG_Ncmsnn_conj_N Європейського_ADJ_I-ORG_Ao-msgf_amod_Парламенту Парламенту_NOUN_E-ORG_Ncmsgn_nmod_Регламент та_CCONJ_O_Ccs_cc_Ради Ради_NOUN_B-ORG_Ncfsgn_conj_Парламенту (_PUNCT_I-ORG_U_punct_ЄС ЄС_NOUN_E-ORG_Y_appos_Ради )_PUNCT_O_U_punct_ЄС N_NOUN_O_Y_flat:title_Регламент 853_NUM_O_Mlc-n_flat:title_N /_PUNCT_O_U_punct_2004 2004_NUM_O_Mlc-n_compound_853 від_ADP_O_Spsg_case_29 29_ADJ_O_Mlonsg_nmod_N квітня_NOUN_O_Ncmsgn_nmod_29 2004_ADJ_O_Mlomsg_amod_року<replace_me_with_comma року<replace_me_with_comma_NOUN_O_Ncmsgn_nmod_квітня >_PUNCT_O_U_punct_встановлює що_SCONJ_O_Css_mark_встановлює встановлює_VERB_O_Vmpip3s_acl:relcl_N спеціальні_ADJ_O_Ao--pasn_amod_правила правила_NOUN_O_Ncnpan_obj_встановлює гігієни_NOUN_O_Ncfsgn_nmod_правила для_ADP_O_Spsg_case_продуктів продуктів_NOUN_O_Ncmpgn_nmod_правила харчування_NOUN_O_Ncnsgn_nmod_продуктів тваринного_ADJ_O_Ao-nsgf_amod_походження походження_NOUN_O_Ncnsgn_nmod_харчування (_PUNCT_O_U_punct_5 5_NUM_O_Mlc-n_parataxis_<replace_me_with_comma )_PUNCT_O_U_punct_5 <replace_me_with_comma_X_O_X_nsubj_застосовується >_PUNCT_O_U_punct_застосовується застосовується_VERB_O_Vmpip3s_conj_встановлює до_ADP_O_Spsg_case_яєць яєць_NOUN_O_Ncnpgn_obl_застосовується ._PUNCT_O_U_punct_застосовується 
(_PUNCT_O_U_punct_https:// https://_SYM_O_X_root_законодавство.com/spivtovaristvo-evropeyske/reglament-komisiji-589-2008-scho-vstanovlyue-2008-20248.html) законодавство.com/spivtovaristvo-evropeyske/reglament-komisiji-589-2008-scho-vstanovlyue-2008-20248.html)_X_O_X_flat:foreign_https:// 
"
0,"Therefore_ADV_O_RB_advmod_made <_PUNCT_O_-LRB-_punct_replace_me_with_comma replace_me_with_comma_PROPN_O_NNP_compound_reference >_PUNCT_O_-RRB-_punct_replace_me_with_comma reference_NOUN_O_NN_nsubj:pass_made should_AUX_O_MD_aux_made be_AUX_O_VB_aux:pass_made made_VERB_O_VBN_root_. to_ADP_O_IN_case_extent the_DET_O_DT_det_extent extent_NOUN_O_NN_obl_made possible_ADJ_O_JJ_amod_extent to_ADP_O_IN_case_Regulations those_DET_O_DT_det_Regulations horizontal_ADJ_O_JJ_amod_Regulations Regulations_NOUN_O_NNS_obl_possible ._PUNCT_O_._punct_made 
(_PUNCT_O_-LRB-_punct_https://eur-lex.europa.eu/legal-content/en/TXT/?uri=CELEX%3A32008R0589) https://eur-lex.europa.eu/legal-content/en/TXT/?uri=CELEX%3A32008R0589)_X_O_ADD_root_https://eur-lex.europa.eu/legal-content/en/TXT/?uri=CELEX%3A32008R0589) 
","Таким_DET_O_Pd--m-sia_det_чином<replace_me_with_comma чином<replace_me_with_comma_NOUN_O_Ncmsin_obl_посилатися >_PUNCT_O_U_advmod_необхідно необхідно_ADV_O_Rp_root_. наскільки_ADV_O_R_advmod_можливо можливо_ADV_O_R_advmod_посилатися посилатися_VERB_O_Vmpn_csubj_необхідно на_ADP_O_Spsa_case_Регламенти такі_DET_O_Pd---npaa_det_Регламенти горизонтальні_ADJ_O_Ao--pasn_amod_Регламенти Регламенти_NOUN_O_Ncmpan_obl_посилатися ._PUNCT_O_U_punct_необхідно 
(_PUNCT_O_U_punct_https:// https://_SYM_O_X_root_законодавство.com/spivtovaristvo-evropeyske/reglament-komisiji-589-2008-scho-vstanovlyue-2008-20248.html) законодавство.com/spivtovaristvo-evropeyske/reglament-komisiji-589-2008-scho-vstanovlyue-2008-20248.html)_X_O_X_flat:foreign_https:// 
"
0,"(6)_NUM_O_CD_dep_fixed The_DET_O_DT_det_characteristics quality_NOUN_O_NN_compound_characteristics characteristics_NOUN_O_NNS_nsubj:pass_fixed for_ADP_O_IN_case_eggs Class_PROPN_O_NNP_compound_A A_NOUN_O_NN_compound_eggs eggs_NOUN_O_NNS_nmod_characteristics should_AUX_O_MD_aux_fixed be_AUX_O_VB_aux:pass_fixed fixed_VERB_O_VBN_root_. in_SCONJ_O_IN_mark_guarantee order_NOUN_O_NN_fixed_in to_PART_O_TO_mark_guarantee guarantee_VERB_O_VB_advcl_fixed the_DET_O_DT_det_quality high_ADJ_O_JJ_amod_quality quality_NOUN_O_NN_obj_guarantee of_ADP_O_IN_case_eggs eggs_NOUN_O_NNS_nmod_quality to_PART_O_TO_mark_delivered be_AUX_O_VB_aux:pass_delivered delivered_VERB_O_VBN_xcomp_guarantee directly_ADV_O_RB_advmod_delivered to_ADP_O_IN_case_consumer the_DET_O_DT_det_consumer final_ADJ_O_JJ_amod_consumer consumer_NOUN_O_NN_obl_delivered and_CCONJ_O_CC_cc_set to_PART_O_TO_mark_set set_VERB_O_VB_conj_delivered criteria_NOUN_O_NNS_obj_set that_PRON_O_WDT_nsubj:pass_checked can_AUX_O_MD_aux_checked be_AUX_O_VB_aux:pass_checked checked_VERB_O_VBN_acl:relcl_criteria by_ADP_O_IN_case_services inspection_NOUN_O_NN_compound_services services_NOUN_O_NNS_obl_checked ._PUNCT_O_._punct_fixed 
(_PUNCT_O_-LRB-_punct_https://eur-lex.europa.eu/legal-content/en/TXT/?uri=CELEX%3A32008R0589) https://eur-lex.europa.eu/legal-content/en/TXT/?uri=CELEX%3A32008R0589)_X_O_ADD_root_https://eur-lex.europa.eu/legal-content/en/TXT/?uri=CELEX%3A32008R0589) 
","(_PUNCT_O_U_punct_6 6_NUM_O_Mlc-n_root_) )_PUNCT_O_U_punct_6 
Якісні_ADJ_O_Afp-pns_amod_характеристики характеристики_NOUN_O_Ncfpnn_nsubj_повинні для_ADP_O_Spsg_case_яєць яєць_NOUN_O_Ncnpgn_nmod_характеристики класу_NOUN_O_Ncmsgn_nmod_яєць А_PROPN_O_Np--nn_flat:title_класу повинні_ADJ_O_Ao--pns_root_. бути_AUX_O_Vapn_cop_закріплені<replace_ закріплені<replace__ADJ_O_Ap--pns-ep_xcomp_повинні me_with_comma_X_O_X_obj_закріплені<replace_ >_SYM_O_X_discourse_закріплені<replace_ щоб_SCONJ_O_Css_mark_гарантувати гарантувати_VERB_O_Vmpn_advcl_закріплені<replace_ високу_ADJ_O_Afpfsas_amod_якість якість_NOUN_O_Ncfsan_obj_гарантувати яєць_NOUN_O_Ncnpgn_nmod_якість <replace_me_with_comma_X_O_X_nmod_яєць >_PUNCT_O_U_punct_доставляються які_DET_O_Pr----pna_nsubj_доставляються доставляються_VERB_O_Vmpip3p_acl:relcl_яєць безпосередньо_ADV_O_Rp_advmod_доставляються до_ADP_O_Spsg_case_споживача<replace_ кінцевого_ADJ_O_Ao-msgf_amod_споживача<replace_ споживача<replace__NOUN_O_Ncmsgn_obl_доставляються me_with_comma>_SYM_O_X_flat:title_споживача<replace_ і_CCONJ_O_Ccs_cc_встановити встановити_VERB_O_Vmen_conj_доставляються критерії_NOUN_O_Ncmpan_obj_встановити <replace__SYM_O_X_compound_me_with_comma me_with_comma_X_O_X_nmod_критерії >_PUNCT_O_U_punct_можуть які_DET_O_Pr----pna_nsubj_можуть можуть_VERB_O_Vmpip3p_acl:relcl_me_with_comma бути_AUX_O_Vapn_cop_перевірені перевірені_ADJ_O_Ap--pns-ep_xcomp_можуть службами_NOUN_O_Ncfpin_obl_перевірені контролю_NOUN_O_Ncmsgn_nmod_службами ._PUNCT_O_U_punct_повинні 
(_PUNCT_O_U_punct_https:// https://_SYM_O_X_root_законодавство.com/spivtovaristvo-evropeyske/reglament-komisiji-589-2008-scho-vstanovlyue-2008-20248.html) законодавство.com/spivtovaristvo-evropeyske/reglament-komisiji-589-2008-scho-vstanovlyue-2008-20248.html)_X_O_X_flat:foreign_https:// 
"
0,"Such_ADJ_O_JJ_amod_characteristics quality_NOUN_O_NN_compound_characteristics characteristics_NOUN_O_NNS_nsubj:pass_based should_AUX_O_MD_aux_based be_AUX_O_VB_aux:pass_based based_VERB_O_VBN_root_. on_ADP_O_IN_case_42 Standard_PROPN_B-LAW_NNP_compound_42 No_DET_I-LAW_DT_det_42 42_NUM_E-LAW_CD_obl_based of_ADP_O_IN_case_Commission the_DET_B-ORG_DT_det_Commission United_VERB_I-ORG_NNP_amod_Nations Nations_PROPN_I-ORG_NNPS_compound_Commission Economic_ADJ_I-ORG_NNP_amod_Commission Commission_PROPN_I-ORG_NNP_nmod_42 for_ADP_I-ORG_IN_case_Europe Europe_PROPN_E-ORG_NNP_nmod_Commission (_PUNCT_O_-LRB-_punct_UN UN_PROPN_S-ORG_NNP_appos_Commission /_SYM_O_,_cc_ECE ECE_PROPN_O_NNP_conj_UN )_PUNCT_O_-RRB-_punct_UN concerning_VERB_O_VBG_case_controls the_DET_O_DT_det_controls marketing_NOUN_O_NN_compound_controls and_CCONJ_O_CC_cc_quality commercial_ADJ_O_JJ_amod_quality quality_NOUN_O_NN_conj_marketing controls_NOUN_O_NNS_nmod_42 of_ADP_O_IN_mark_moving eggs_NOUN_O_NNS_compound_moving -_PUNCT_O_HYPH_punct_in in_ADP_O_IN_case_shell -_PUNCT_O_HYPH_punct_in shell_NOUN_O_NN_nmod_eggs moving_VERB_O_VBG_acl_controls in_ADP_O_IN_case_trade international_ADJ_O_JJ_amod_trade trade_NOUN_O_NN_obl_moving between_ADP_O_IN_case_countries and_CCONJ_O_CC_cc_to to_ADP_O_IN_conj_between UN_PROPN_S-ORG_NNP_compound_countries /_SYM_O_,_cc_ECE ECE_PROPN_S-ORG_NNP_conj_UN member_NOUN_O_NN_compound_countries countries_NOUN_O_NNS_nmod_trade ._PUNCT_O_._punct_based 
(_PUNCT_O_-LRB-_punct_https://eur-lex.europa.eu/legal-content/en/TXT/?uri=CELEX%3A32008R0589) https://eur-lex.europa.eu/legal-content/en/TXT/?uri=CELEX%3A32008R0589)_X_O_ADD_root_https://eur-lex.europa.eu/legal-content/en/TXT/?uri=CELEX%3A32008R0589) 
","Такі_DET_O_Pd----pna_det_характеристики якісні_ADJ_O_Afp-pns_amod_характеристики характеристики_NOUN_O_Ncfpnn_nsubj_повинні повинні_ADJ_O_Ao--pns_root_. бути_AUX_O_Vapn_cop_засновані засновані_ADJ_O_Ap--pns-ep_xcomp_повинні на_ADP_O_Spsl_case_Стандарті Стандарті_NOUN_B-MISC_Ncmsln_obl_засновані N_X_I-MISC_X_compound_комісії 42_NUM_E-MISC_Mlc-n_flat:title_N Економічної_ADJ_B-ORG_Ao-fsgf_amod_комісії комісії_NOUN_I-ORG_Ncfsgn_nmod_Стандарті ООН_NOUN_I-ORG_Y_nmod_комісії для_ADP_I-ORG_Spsg_case_Європи Європи_PROPN_E-ORG_Npfsgn_nmod_комісії (_PUNCT_O_U_punct_ЄЕК ЄЕК_NOUN_B-ORG_Y_appos_Європи ООН_NOUN_E-ORG_Y_nmod_ЄЕК )_PUNCT_O_U_punct_ЄЕК про_ADP_O_Spsa_case_збут збут_NOUN_O_Ncmsan_nmod_комісії і_CCONJ_O_Ccs_cc_контроль контроль_NOUN_O_Ncmsan_conj_збут товарної_ADJ_O_Ao-fsgf_amod_якості якості_NOUN_O_Ncfsgn_nmod_контроль яєць_NOUN_O_Ncnpgn_nmod_якості у_ADP_O_Spsl_case_шкаралупі<replace_ шкаралупі<replace__NOUN_O_Ncmsln_nmod_якості me_with_comma_X_O_X_flat:title_шкаралупі<replace_ >_PUNCT_O_U_punct_надходять що_SCONJ_O_Css_mark_надходять надходять_VERB_O_Vmpip3p_acl:relcl_якості в_ADP_O_Spsa_case_торгівлю міжнародну_ADJ_O_Ao-fsas_amod_торгівлю торгівлю_NOUN_O_Ncfsan_obl_надходять між_ADP_O_Spsi_case_країнами країнами_NOUN_O_Ncfpin_nmod_торгівлю -_PUNCT_O_U_punct_членами членами_NOUN_O_Ncmpiy_appos_країнами ЄЕК_NOUN_B-ORG_Y_nmod_членами ООН_NOUN_E-ORG_Y_nmod_ЄЕК і_CCONJ_O_Ccs_cc_призначені які_DET_O_Pr----pna_nsubj_призначені призначені_ADJ_O_Ap--pns-ep_conj_надходять для_ADP_O_Spsg_case_країн цих_DET_O_Pd----pga_det_країн країн_NOUN_O_Ncfpgn_obl_призначені ._PUNCT_O_U_punct_повинні 
(_PUNCT_O_U_punct_https:// https://_SYM_O_X_root_законодавство.com/spivtovaristvo-evropeyske/reglament-komisiji-589-2008-scho-vstanovlyue-2008-20248.html) законодавство.com/spivtovaristvo-evropeyske/reglament-komisiji-589-2008-scho-vstanovlyue-2008-20248.html)_X_O_X_flat:foreign_https:// 
"
0,"(7)_NUM_O_CD_dep_become Cold_ADJ_O_JJ_amod_eggs eggs_NOUN_O_NNS_nsubj_become left_VERB_O_VBN_acl_eggs out_ADP_O_RP_compound:prt_left at_ADP_O_IN_case_temperature room_NOUN_O_NN_compound_temperature temperature_NOUN_O_NN_obl_left may_AUX_O_MD_aux_become become_VERB_O_VB_root_. covered_VERB_O_VBN_xcomp_become in_ADP_O_IN_case_condensation condensation_NOUN_O_NN_obl_covered <_PUNCT_O_-LRB-_punct_replace_me_with_comma replace_me_with_comma_PROPN_O_NNP_appos_condensation >_PUNCT_O_-RRB-_punct_replace_me_with_comma facilitating_VERB_O_VBG_acl_condensation the_DET_O_DT_det_growth growth_NOUN_O_NN_obj_facilitating of_ADP_O_IN_case_bacteria bacteria_NOUN_O_NN_nmod_growth on_ADP_O_IN_case_shell the_DET_O_DT_det_shell shell_NOUN_O_NN_nmod_bacteria and_CCONJ_O_CC_cc_ingression probably_ADV_O_RB_advmod_ingression their_PRON_O_PRP$_nmod:poss_ingression ingression_NOUN_O_NN_conj_condensation into_ADP_O_IN_case_egg the_DET_O_DT_det_egg egg_NOUN_O_NN_nmod_ingression ._PUNCT_O_._punct_become 
(_PUNCT_O_-LRB-_punct_https://eur-lex.europa.eu/legal-content/en/TXT/?uri=CELEX%3A32008R0589) https://eur-lex.europa.eu/legal-content/en/TXT/?uri=CELEX%3A32008R0589)_X_O_ADD_root_https://eur-lex.europa.eu/legal-content/en/TXT/?uri=CELEX%3A32008R0589) 
","(_PUNCT_O_U_punct_7 7_NUM_O_Mlc-n_root_) )_PUNCT_O_U_punct_7 
Холодні_ADJ_O_Afp-pns_amod_яйця яйця_NOUN_O_Ncnpnn_nsubj_залишені <replace_me_with_comma_X_O_X_flat:title_яйця >_SYM_O_X_discourse_залишені залишені_ADJ_O_Ap--pns-ep_root_. при_ADP_O_Spsl_case_температурі<replace_ кімнатній_ADJ_O_Ao-fslf_amod_температурі<replace_ температурі<replace__NOUN_O_Ncfsln_obl_залишені me_with_comma_X_O_X_flat:title_температурі<replace_ >_SYM_O_X_discourse_можуть можуть_VERB_O_Vmpip3p_conj_залишені вкритися_VERB_O_Vmpn_xcomp_можуть конденсатом<replace__X_O_X_obj_вкритися me_with_comma_X_O_X_flat:foreign_конденсатом<replace_ >_PUNCT_O_U_punct_сприяє що_PRON_O_Pr--nnsnn_nsubj_сприяє сприяє_VERB_O_Vmpip3s_parataxis:rel_можуть зростанню_NOUN_O_Ncnsdn_obj_сприяє бактерій_NOUN_O_Ncfpgn_nmod_зростанню на_ADP_O_Spsl_case_шкаралупі шкаралупі_NOUN_O_Ncfsln_obl_сприяє і<replace__SYM_O_X_flat:title_шкаралупі me_with_comma>_SYM_O_X_flat:foreign_і<replace_ ймовірно<replace_me_with_comma>_X_O_X_flat:foreign_і<replace_ їх_PRON_O_Pp-3--pan_nmod_проникненню проникненню_NOUN_O_Ncnsdn_iobj_сприяє в_ADP_O_Spsa_case_яйце яйце_NOUN_O_Ncnsan_nmod_проникненню ._PUNCT_O_U_punct_сприяє 
(_PUNCT_O_U_punct_https:// https://_SYM_O_X_root_законодавство.com/spivtovaristvo-evropeyske/reglament-komisiji-589-2008-scho-vstanovlyue-2008-20248.html) законодавство.com/spivtovaristvo-evropeyske/reglament-komisiji-589-2008-scho-vstanovlyue-2008-20248.html)_X_O_X_flat:foreign_https:// 
"
